{
  "frequency": 0.42874574178377683,
  "freq_ratio": 0.4248248506949259,
  "damping_ratio": 0.1448945861639732,
  "mass_ratio": 0.0005661645126989704,
  "clearance": 0.0005122458442631609,
  "location": 0.00045641100036188293
}